{"cameraMode":{"drawMode":0,"name":"Shaded","section":"Shading Mode"},"sceneLighting":false,"audioPlay":false,"sceneViewState":{"m_AlwaysRefresh":false,"showFog":true,"showSkybox":false,"showFlares":true,"showImageEffects":true,"showParticleSystems":true,"showVisualEffectGraphs":true,"m_FxEnabled":true},"in2DMode":false,"pivot":{"x":1.9258071184158326,"y":0.8339024782180786,"z":1.8194735050201417},"rotation":{"x":-0.009882550686597824,"y":0.9870567917823792,"z":-0.06703537702560425,"w":-0.14553090929985047},"size":1.4660253524780274,"orthographic":false}