{"cameraMode":{"drawMode":0,"name":"Shaded","section":"Shading Mode"},"sceneLighting":false,"audioPlay":false,"sceneViewState":{"m_AlwaysRefresh":false,"showFog":true,"showSkybox":false,"showFlares":true,"showImageEffects":true,"showParticleSystems":true,"showVisualEffectGraphs":true,"m_FxEnabled":true},"in2DMode":false,"pivot":{"x":-0.04247766733169556,"y":-0.8358249068260193,"z":3.833159923553467},"rotation":{"x":-0.19623099267482758,"y":0.5630723237991333,"z":-0.13977278769016267,"w":-0.7905362844467163},"size":0.9482558965682983,"orthographic":false}