{"cameraMode":{"drawMode":0,"name":"Shaded","section":"Shading Mode"},"sceneLighting":false,"audioPlay":false,"sceneViewState":{"m_AlwaysRefresh":false,"showFog":true,"showSkybox":false,"showFlares":true,"showImageEffects":true,"showParticleSystems":true,"showVisualEffectGraphs":true,"m_FxEnabled":true},"in2DMode":false,"pivot":{"x":1.7882745265960694,"y":0.6717382073402405,"z":0.3222506046295166},"rotation":{"x":-0.19623099267482758,"y":0.5630723237991333,"z":-0.13977278769016267,"w":-0.7905362844467163},"size":0.9482557773590088,"orthographic":false}